{"stats":{"minecraft:killed":{"minecraft:skeleton":2,"minecraft:husk":4,"minecraft:zombie":1,"untamedwilds:camel":1,"minecraft:spider":2},"minecraft:custom":{"minecraft:time_since_rest":8283,"minecraft:sprint_one_cm":72240,"minecraft:damage_taken":276,"minecraft:walk_one_cm":53563,"minecraft:damage_blocked_by_shield":70,"minecraft:mob_kills":10,"minecraft:damage_dealt":2078,"minecraft:talked_to_villager":8,"minecraft:fly_one_cm":154853,"minecraft:open_chest":3,"minecraft:play_time":23622,"minecraft:crouch_one_cm":320,"tombstone:undead_killed":7,"minecraft:sneak_time":331,"minecraft:jump":364,"minecraft:interact_with_grindstone":1,"minecraft:leave_game":3,"minecraft:time_since_death":23622,"minecraft:walk_on_water_one_cm":409,"minecraft:sleep_in_bed":2,"minecraft:enchant_item":9,"minecraft:total_world_time":27354,"minecraft:fall_one_cm":9521},"minecraft:used":{"minecraft:netherite_sword":30,"minecraft:bookshelf":28,"minecraft:bread":8,"minecraft:netherite_axe":28,"minecraft:shield":3,"minecraft:torch":3,"minecraft:netherite_pickaxe":12,"enchantinginfuser:advanced_enchanting_infuser":2},"minecraft:picked_up":{"minecraft:book":84,"minecraft:stick":2,"minecraft:cooked_beef":2,"minecraft:brown_wool":6,"minecraft:torch":3,"minecraft:acacia_log":1,"enchantinginfuser:advanced_enchanting_infuser":1,"minecraft:spider_eye":5,"minecraft:string":3,"minecraft:cactus":1,"minecraft:arrow":4,"minecraft:bone":10,"minecraft:rotten_flesh":6,"minecraft:hay_block":2,"minecraft:baked_potato":1,"minecraft:coal":12,"minecraft:cobblestone":2},"minecraft:mined":{"minecraft:hay_block":3,"minecraft:acacia_leaves":2,"minecraft:torch":2,"minecraft:acacia_log":1,"minecraft:bookshelf":28,"minecraft:coal_ore":7,"minecraft:dead_bush":2,"enchantinginfuser:advanced_enchanting_infuser":1,"minecraft:stone":2,"minecraft:wall_torch":1}},"DataVersion":2975}