{"stats":{"minecraft:used":{"minecraft:netherite_sword":2,"minecraft:netherite_shovel":108,"minecraft:firework_rocket":13,"minecraft:bookshelf":35,"minecraft:netherite_pickaxe":38,"enchantinginfuser:advanced_enchanting_infuser":1},"minecraft:custom":{"minecraft:time_since_rest":14085,"minecraft:crouch_one_cm":183,"minecraft:play_time":14085,"minecraft:sprint_one_cm":32129,"minecraft:walk_one_cm":17761,"minecraft:damage_taken":11,"minecraft:sneak_time":57,"minecraft:aviate_one_cm":8872,"minecraft:jump":192,"minecraft:damage_dealt":120,"minecraft:leave_game":1,"minecraft:time_since_death":14085,"minecraft:enchant_item":9,"minecraft:total_world_time":14085,"minecraft:fly_one_cm":50589,"minecraft:fall_one_cm":6683},"minecraft:picked_up":{"minecraft:wheat_seeds":6,"minecraft:bookshelf":34,"enchantinginfuser:advanced_enchanting_infuser":1,"byg:golden_spined_cactus":1,"minecraft:dirt":82},"minecraft:mined":{"minecraft:grass":5,"minecraft:grass_block":53,"minecraft:bookshelf":34,"minecraft:dirt":53,"enchantinginfuser:advanced_enchanting_infuser":1,"byg:golden_spined_cactus":1}},"DataVersion":2975}