{
  "minecraft:story/enchant_item": {
    "criteria": {
      "enchanted_item": "2024-07-31 23:05:18 +0000"
    },
    "done": true
  },
  "dungeons_arise:wda_root": {
    "criteria": {
      "WDA": "2024-07-31 23:02:10 +0000"
    },
    "done": true
  },
  "byg:biomepedia_gift": {
    "criteria": {
      "tick": "2024-07-31 23:02:10 +0000"
    },
    "done": true
  },
  "securitycraft:recipes/securitycraft/reinforced_lectern": {
    "criteria": {
      "has_bookshelf": "2024-07-31 23:03:59 +0000"
    },
    "done": true
  },
  "byg:root": {
    "criteria": {
      "tick": "2024-07-31 23:02:10 +0000"
    },
    "done": true
  },
  "minecraft:recipes/decorations/chest": {
    "criteria": {
      "has_lots_of_items": "2024-07-31 23:07:36 +0000"
    },
    "done": true
  },
  "minecraft:end/elytra": {
    "criteria": {
      "elytra": "2024-07-31 23:08:03 +0000"
    },
    "done": true
  },
  "tombstone:adventure/root": {
    "criteria": {
      "auto": "2024-07-31 23:02:10 +0000"
    },
    "done": true
  },
  "takesapillage:root": {
    "criteria": {
      "always": "2024-07-31 23:02:10 +0000"
    },
    "done": true
  },
  "minecraft:adventure/adventuring_time": {
    "criteria": {
      "minecraft:desert": "2024-07-31 23:12:08 +0000",
      "minecraft:savanna": "2024-07-31 23:02:10 +0000"
    },
    "done": false
  },
  "minecraft:nether/netherite_armor": {
    "criteria": {
      "netherite_armor": "2024-07-31 23:03:48 +0000"
    },
    "done": true
  },
  "DataVersion": 2975
}